selector,r_val,r_eval,outer_repeats,regret_mean,regret_sd,regret_mcse,oracle_match_rate,selected_test_sr_mean,oracle_test_sr_mean,selected_model_mode,selected_model_entropy,oracle_match_mcse,regret_ci95_halfwidth
SRCV,0.0,0.0,25,0.0,0.0,0.0,1.0,12.725669489056184,12.725669489056184,HistGB,-0.0,0.0,0.0
SRCV,0.0,0.025,25,0.0,0.0,0.0,1.0,14.809379006710863,14.809379006710863,HistGB,-0.0,0.0,0.0
SRCV,0.0,0.1,25,0.0,0.0,0.0,1.0,17.118684888466667,17.118684888466667,HistGB,-0.0,0.0,0.0
SRCV,0.0,0.15,25,0.009129237901180715,0.026707056325500366,0.005341411265100073,0.88,18.445785910216713,18.436656672315536,HistGB,-0.0,0.06499230723708768,0.010469166079596142
SRCV,0.0,0.19,25,0.031244984910813685,0.12007741452827445,0.02401548290565489,0.84,19.768757151944115,19.7375121670333,HistGB,-0.0,0.07332121111929345,0.047070346495083584
SRCV,0.0,0.2,25,0.05158617267396423,0.1570088339223781,0.03140176678447562,0.72,20.090533377652843,20.03894720497888,HistGB,-0.0,0.0897997772825746,0.061547462897572215
SRCV,0.0,0.21,25,0.10194341754043662,0.2068598584667921,0.04137197169335842,0.56,20.43251827958851,20.330574862048078,HistGB,-0.0,0.09927738916792685,0.0810890645189825
SRCV,0.0,0.24,25,0.3228179421458181,0.336470530828331,0.0672941061656662,0.2,21.529461033378006,21.20664309123219,HistGB,-0.0,0.08,0.13189644808470574
SRCV,0.0,0.32,25,1.5010175580934604,0.41120907905658405,0.08224181581131682,0.0,24.968320225727652,23.467302667634193,HistGB,-0.0,0.0,0.16119395899018096
SRCV,0.0,0.4,25,2.8263392186992995,0.44034353139303734,0.08806870627860747,0.0,28.991614175923797,26.165274957224497,HistGB,-0.0,0.0,0.17261466430607064
SRCV,0.0,0.5,25,4.706924210235701,0.4750289955574938,0.09500579911149876,0.0,34.987478931077334,30.280554720841632,HistGB,-0.0,0.0,0.18621136625853757
SRCV,0.025,0.0,25,0.0,0.0,0.0,1.0,12.725669489056184,12.725669489056184,HistGB,-0.0,0.0,0.0
SRCV,0.025,0.025,25,0.0,0.0,0.0,1.0,14.809379006710863,14.809379006710863,HistGB,-0.0,0.0,0.0
SRCV,0.025,0.1,25,0.0,0.0,0.0,1.0,17.118684888466667,17.118684888466667,HistGB,-0.0,0.0,0.0
SRCV,0.025,0.15,25,0.009129237901180715,0.026707056325500366,0.005341411265100073,0.88,18.445785910216713,18.436656672315536,HistGB,-0.0,0.06499230723708768,0.010469166079596142
SRCV,0.025,0.19,25,0.031244984910813685,0.12007741452827445,0.02401548290565489,0.84,19.768757151944115,19.7375121670333,HistGB,-0.0,0.07332121111929345,0.047070346495083584
SRCV,0.025,0.2,25,0.05158617267396423,0.1570088339223781,0.03140176678447562,0.72,20.090533377652843,20.03894720497888,HistGB,-0.0,0.0897997772825746,0.061547462897572215
SRCV,0.025,0.21,25,0.10194341754043662,0.2068598584667921,0.04137197169335842,0.56,20.43251827958851,20.330574862048078,HistGB,-0.0,0.09927738916792685,0.0810890645189825
SRCV,0.025,0.24,25,0.3228179421458181,0.336470530828331,0.0672941061656662,0.2,21.529461033378006,21.20664309123219,HistGB,-0.0,0.08,0.13189644808470574
SRCV,0.025,0.32,25,1.5010175580934604,0.41120907905658405,0.08224181581131682,0.0,24.968320225727652,23.467302667634193,HistGB,-0.0,0.0,0.16119395899018096
SRCV,0.025,0.4,25,2.8263392186992995,0.44034353139303734,0.08806870627860747,0.0,28.991614175923797,26.165274957224497,HistGB,-0.0,0.0,0.17261466430607064
SRCV,0.025,0.5,25,4.706924210235701,0.4750289955574938,0.09500579911149876,0.0,34.987478931077334,30.280554720841632,HistGB,-0.0,0.0,0.18621136625853757
SRCV,0.05,0.0,25,0.0,0.0,0.0,1.0,12.725669489056184,12.725669489056184,HistGB,-0.0,0.0,0.0
SRCV,0.05,0.025,25,0.0,0.0,0.0,1.0,14.809379006710863,14.809379006710863,HistGB,-0.0,0.0,0.0
SRCV,0.05,0.1,25,0.0,0.0,0.0,1.0,17.118684888466667,17.118684888466667,HistGB,-0.0,0.0,0.0
SRCV,0.05,0.15,25,0.009129237901180715,0.026707056325500366,0.005341411265100073,0.88,18.445785910216713,18.436656672315536,HistGB,-0.0,0.06499230723708768,0.010469166079596142
SRCV,0.05,0.19,25,0.031244984910813685,0.12007741452827445,0.02401548290565489,0.84,19.768757151944115,19.7375121670333,HistGB,-0.0,0.07332121111929345,0.047070346495083584
SRCV,0.05,0.2,25,0.05158617267396423,0.1570088339223781,0.03140176678447562,0.72,20.090533377652843,20.03894720497888,HistGB,-0.0,0.0897997772825746,0.061547462897572215
SRCV,0.05,0.21,25,0.10194341754043662,0.2068598584667921,0.04137197169335842,0.56,20.43251827958851,20.330574862048078,HistGB,-0.0,0.09927738916792685,0.0810890645189825
SRCV,0.05,0.24,25,0.3228179421458181,0.336470530828331,0.0672941061656662,0.2,21.529461033378006,21.20664309123219,HistGB,-0.0,0.08,0.13189644808470574
SRCV,0.05,0.32,25,1.5010175580934604,0.41120907905658405,0.08224181581131682,0.0,24.968320225727652,23.467302667634193,HistGB,-0.0,0.0,0.16119395899018096
SRCV,0.05,0.4,25,2.8263392186992995,0.44034353139303734,0.08806870627860747,0.0,28.991614175923797,26.165274957224497,HistGB,-0.0,0.0,0.17261466430607064
SRCV,0.05,0.5,25,4.706924210235701,0.4750289955574938,0.09500579911149876,0.0,34.987478931077334,30.280554720841632,HistGB,-0.0,0.0,0.18621136625853757
SRCV,0.075,0.0,25,0.0,0.0,0.0,1.0,12.725669489056184,12.725669489056184,HistGB,-0.0,0.0,0.0
SRCV,0.075,0.025,25,0.0,0.0,0.0,1.0,14.809379006710863,14.809379006710863,HistGB,-0.0,0.0,0.0
SRCV,0.075,0.1,25,0.0,0.0,0.0,1.0,17.118684888466667,17.118684888466667,HistGB,-0.0,0.0,0.0
SRCV,0.075,0.15,25,0.009129237901180715,0.026707056325500366,0.005341411265100073,0.88,18.445785910216713,18.436656672315536,HistGB,-0.0,0.06499230723708768,0.010469166079596142
SRCV,0.075,0.19,25,0.031244984910813685,0.12007741452827445,0.02401548290565489,0.84,19.768757151944115,19.7375121670333,HistGB,-0.0,0.07332121111929345,0.047070346495083584
SRCV,0.075,0.2,25,0.05158617267396423,0.1570088339223781,0.03140176678447562,0.72,20.090533377652843,20.03894720497888,HistGB,-0.0,0.0897997772825746,0.061547462897572215
SRCV,0.075,0.21,25,0.10194341754043662,0.2068598584667921,0.04137197169335842,0.56,20.43251827958851,20.330574862048078,HistGB,-0.0,0.09927738916792685,0.0810890645189825
SRCV,0.075,0.24,25,0.3228179421458181,0.336470530828331,0.0672941061656662,0.2,21.529461033378006,21.20664309123219,HistGB,-0.0,0.08,0.13189644808470574
SRCV,0.075,0.32,25,1.5010175580934604,0.41120907905658405,0.08224181581131682,0.0,24.968320225727652,23.467302667634193,HistGB,-0.0,0.0,0.16119395899018096
SRCV,0.075,0.4,25,2.8263392186992995,0.44034353139303734,0.08806870627860747,0.0,28.991614175923797,26.165274957224497,HistGB,-0.0,0.0,0.17261466430607064
SRCV,0.075,0.5,25,4.706924210235701,0.4750289955574938,0.09500579911149876,0.0,34.987478931077334,30.280554720841632,HistGB,-0.0,0.0,0.18621136625853757
SRCV,0.1,0.0,25,0.0,0.0,0.0,1.0,12.725669489056184,12.725669489056184,HistGB,-0.0,0.0,0.0
SRCV,0.1,0.025,25,0.0,0.0,0.0,1.0,14.809379006710863,14.809379006710863,HistGB,-0.0,0.0,0.0
SRCV,0.1,0.1,25,0.0,0.0,0.0,1.0,17.118684888466667,17.118684888466667,HistGB,-0.0,0.0,0.0
SRCV,0.1,0.15,25,0.009129237901180715,0.026707056325500366,0.005341411265100073,0.88,18.445785910216713,18.436656672315536,HistGB,-0.0,0.06499230723708768,0.010469166079596142
SRCV,0.1,0.19,25,0.031244984910813685,0.12007741452827445,0.02401548290565489,0.84,19.768757151944115,19.7375121670333,HistGB,-0.0,0.07332121111929345,0.047070346495083584
SRCV,0.1,0.2,25,0.05158617267396423,0.1570088339223781,0.03140176678447562,0.72,20.090533377652843,20.03894720497888,HistGB,-0.0,0.0897997772825746,0.061547462897572215
SRCV,0.1,0.21,25,0.10194341754043662,0.2068598584667921,0.04137197169335842,0.56,20.43251827958851,20.330574862048078,HistGB,-0.0,0.09927738916792685,0.0810890645189825
SRCV,0.1,0.24,25,0.3228179421458181,0.336470530828331,0.0672941061656662,0.2,21.529461033378006,21.20664309123219,HistGB,-0.0,0.08,0.13189644808470574
SRCV,0.1,0.32,25,1.5010175580934604,0.41120907905658405,0.08224181581131682,0.0,24.968320225727652,23.467302667634193,HistGB,-0.0,0.0,0.16119395899018096
SRCV,0.1,0.4,25,2.8263392186992995,0.44034353139303734,0.08806870627860747,0.0,28.991614175923797,26.165274957224497,HistGB,-0.0,0.0,0.17261466430607064
SRCV,0.1,0.5,25,4.706924210235701,0.4750289955574938,0.09500579911149876,0.0,34.987478931077334,30.280554720841632,HistGB,-0.0,0.0,0.18621136625853757
SRCV,0.125,0.0,25,0.0,0.0,0.0,1.0,12.725669489056184,12.725669489056184,HistGB,-0.0,0.0,0.0
SRCV,0.125,0.025,25,0.0,0.0,0.0,1.0,14.809379006710863,14.809379006710863,HistGB,-0.0,0.0,0.0
SRCV,0.125,0.1,25,0.0,0.0,0.0,1.0,17.118684888466667,17.118684888466667,HistGB,-0.0,0.0,0.0
SRCV,0.125,0.15,25,0.009129237901180715,0.026707056325500366,0.005341411265100073,0.88,18.445785910216713,18.436656672315536,HistGB,-0.0,0.06499230723708768,0.010469166079596142
SRCV,0.125,0.19,25,0.031244984910813685,0.12007741452827445,0.02401548290565489,0.84,19.768757151944115,19.7375121670333,HistGB,-0.0,0.07332121111929345,0.047070346495083584
SRCV,0.125,0.2,25,0.05158617267396423,0.1570088339223781,0.03140176678447562,0.72,20.090533377652843,20.03894720497888,HistGB,-0.0,0.0897997772825746,0.061547462897572215
SRCV,0.125,0.21,25,0.10194341754043662,0.2068598584667921,0.04137197169335842,0.56,20.43251827958851,20.330574862048078,HistGB,-0.0,0.09927738916792685,0.0810890645189825
SRCV,0.125,0.24,25,0.3228179421458181,0.336470530828331,0.0672941061656662,0.2,21.529461033378006,21.20664309123219,HistGB,-0.0,0.08,0.13189644808470574
SRCV,0.125,0.32,25,1.5010175580934604,0.41120907905658405,0.08224181581131682,0.0,24.968320225727652,23.467302667634193,HistGB,-0.0,0.0,0.16119395899018096
SRCV,0.125,0.4,25,2.8263392186992995,0.44034353139303734,0.08806870627860747,0.0,28.991614175923797,26.165274957224497,HistGB,-0.0,0.0,0.17261466430607064
SRCV,0.125,0.5,25,4.706924210235701,0.4750289955574938,0.09500579911149876,0.0,34.987478931077334,30.280554720841632,HistGB,-0.0,0.0,0.18621136625853757
SRCV,0.15,0.0,25,0.0,0.0,0.0,1.0,12.725669489056184,12.725669489056184,HistGB,-0.0,0.0,0.0
SRCV,0.15,0.025,25,0.0,0.0,0.0,1.0,14.809379006710863,14.809379006710863,HistGB,-0.0,0.0,0.0
SRCV,0.15,0.1,25,0.0,0.0,0.0,1.0,17.118684888466667,17.118684888466667,HistGB,-0.0,0.0,0.0
SRCV,0.15,0.15,25,0.009129237901180715,0.026707056325500366,0.005341411265100073,0.88,18.445785910216713,18.436656672315536,HistGB,-0.0,0.06499230723708768,0.010469166079596142
SRCV,0.15,0.19,25,0.031244984910813685,0.12007741452827445,0.02401548290565489,0.84,19.768757151944115,19.7375121670333,HistGB,-0.0,0.07332121111929345,0.047070346495083584
SRCV,0.15,0.2,25,0.05158617267396423,0.1570088339223781,0.03140176678447562,0.72,20.090533377652843,20.03894720497888,HistGB,-0.0,0.0897997772825746,0.061547462897572215
SRCV,0.15,0.21,25,0.10194341754043662,0.2068598584667921,0.04137197169335842,0.56,20.43251827958851,20.330574862048078,HistGB,-0.0,0.09927738916792685,0.0810890645189825
SRCV,0.15,0.24,25,0.3228179421458181,0.336470530828331,0.0672941061656662,0.2,21.529461033378006,21.20664309123219,HistGB,-0.0,0.08,0.13189644808470574
SRCV,0.15,0.32,25,1.5010175580934604,0.41120907905658405,0.08224181581131682,0.0,24.968320225727652,23.467302667634193,HistGB,-0.0,0.0,0.16119395899018096
SRCV,0.15,0.4,25,2.8263392186992995,0.44034353139303734,0.08806870627860747,0.0,28.991614175923797,26.165274957224497,HistGB,-0.0,0.0,0.17261466430607064
SRCV,0.15,0.5,25,4.706924210235701,0.4750289955574938,0.09500579911149876,0.0,34.987478931077334,30.280554720841632,HistGB,-0.0,0.0,0.18621136625853757
SRCV,0.17,0.0,25,0.12720794542394687,0.6360397271197342,0.12720794542394684,0.96,12.852877434480128,12.725669489056184,HistGB,0.167944147734173,0.039191835884530866,0.2493275730309358
SRCV,0.17,0.025,25,0.06170365055191098,0.30851825275955497,0.061703650551910995,0.96,14.871082657262773,14.809379006710863,HistGB,0.167944147734173,0.039191835884530866,0.12093915508174555
SRCV,0.17,0.1,25,0.02528543556888877,0.1264271778444439,0.025285435568888782,0.96,17.143970324035557,17.118684888466667,HistGB,0.167944147734173,0.039191835884530866,0.04955945371502201
SRCV,0.17,0.15,25,0.031553770501860326,0.11339427112043057,0.022678854224086116,0.84,18.468210442817394,18.436656672315536,HistGB,0.167944147734173,0.07332121111929345,0.044450554279208784
SRCV,0.17,0.19,25,0.05234466683989993,0.1554832568485246,0.03109665136970492,0.8,19.789856833873202,19.7375121670333,HistGB,0.167944147734173,0.08,0.06094943668462164
SRCV,0.17,0.2,25,0.06544207501995061,0.1717728864486735,0.0343545772897347,0.72,20.10438927999883,20.03894720497888,HistGB,0.167944147734173,0.0897997772825746,0.06733497148788001
SRCV,0.17,0.21,25,0.11117850505073022,0.21757316393149143,0.04351463278629829,0.56,20.441753367098805,20.330574862048078,HistGB,0.167944147734173,0.09927738916792685,0.08528868026114464
SRCV,0.17,0.24,25,0.33463141918599576,0.3527097877494511,0.07054195754989022,0.2,21.541274510418184,21.20664309123219,HistGB,0.167944147734173,0.08,0.13826223679778482
SRCV,0.17,0.32,25,1.515619436095883,0.4252470158295047,0.08504940316590094,0.0,24.982922103730075,23.467302667634193,HistGB,0.167944147734173,0.0,0.16669683020516585
SRCV,0.17,0.4,25,2.837775313165609,0.4487437278033689,0.08974874556067378,0.0,29.00305027039011,26.165274957224497,HistGB,0.167944147734173,0.0,0.1759075412989206
SRCV,0.17,0.5,25,4.733476581764033,0.5073949647283175,0.1014789929456635,0.0,35.014031302605666,30.280554720841632,HistGB,0.167944147734173,0.0,0.19889882617350044
SRCV,0.18,0.0,25,0.40469642507976544,1.4025513557322942,0.2805102711464588,0.92,13.130365914135949,12.725669489056184,HistGB,0.2787693717685874,0.05425863986500213,0.5498001314470593
SRCV,0.18,0.025,25,0.24291854318344136,0.8423457616459147,0.16846915232918294,0.92,15.052297549894304,14.809379006710863,HistGB,0.2787693717685874,0.05425863986500213,0.33019953856519857
SRCV,0.18,0.1,25,0.10974623651572898,0.3850601822409622,0.07701203644819245,0.92,17.2284311249824,17.118684888466667,HistGB,0.2787693717685874,0.05425863986500213,0.1509435914384572
SRCV,0.18,0.15,25,0.07669668081715769,0.23685012475278772,0.047370024950557546,0.8,18.513353353132693,18.436656672315536,HistGB,0.2787693717685874,0.08,0.09284524890309279
SRCV,0.18,0.19,25,0.049500080507933,0.14316581214170385,0.02863316242834077,0.8,19.787012247541234,19.7375121670333,HistGB,0.2787693717685874,0.08,0.056120998359547904
SRCV,0.18,0.2,25,0.06493411801550622,0.16897384660769696,0.033794769321539395,0.72,20.103881322994386,20.03894720497888,HistGB,0.2787693717685874,0.0897997772825746,0.06623774787021722
SRCV,0.18,0.21,25,0.10246229270428614,0.20725741673854436,0.04145148334770887,0.56,20.433037154752363,20.330574862048078,HistGB,0.2787693717685874,0.09927738916792685,0.08124490736150938
SRCV,0.18,0.24,25,0.2941890663730231,0.3465896128418612,0.06931792256837224,0.28,21.50083215760521,21.20664309123219,HistGB,0.2787693717685874,0.0897997772825746,0.1358631282340096
SRCV,0.18,0.32,25,1.3773973009719405,0.5815750953554114,0.11631501907108228,0.08,24.844699968606133,23.467302667634193,HistGB,0.2787693717685874,0.054258639865002144,0.22797743737932127
SRCV,0.18,0.4,25,2.589863440680614,0.8923748082391728,0.17847496164783455,0.08,28.75513839790511,26.165274957224497,HistGB,0.2787693717685874,0.054258639865002144,0.34981092482975573
SRCV,0.18,0.5,25,4.317372256030065,1.3799144118433093,0.27598288236866186,0.08,34.5979269768717,30.280554720841632,HistGB,0.2787693717685874,0.054258639865002144,0.5409264494425773
SRCV,0.19,0.0,25,0.3132275057002426,1.100425063079129,0.2200850126158258,0.92,13.038896994756426,12.725669489056184,HistGB,0.33422114621338295,0.05425863986500213,0.4313666247270186
SRCV,0.19,0.025,25,0.16767538281417046,0.5973485890523446,0.11946971781046892,0.92,14.977054389525033,14.809379006710863,HistGB,0.33422114621338295,0.05425863986500213,0.23416064690851907
SRCV,0.19,0.1,25,0.06700540581572526,0.24672964130450634,0.04934592826090127,0.92,17.185690294282395,17.118684888466667,HistGB,0.33422114621338295,0.05425863986500213,0.09671801939136648
SRCV,0.19,0.15,25,0.041723482695477404,0.1136340947069803,0.02272681894139606,0.8,18.47838015501101,18.436656672315536,HistGB,0.33422114621338295,0.08,0.04454456512513628
SRCV,0.19,0.19,25,0.044419009879423044,0.1301220683481181,0.02602441366962362,0.76,19.781931176912725,19.7375121670333,HistGB,0.33422114621338295,0.0854166260162505,0.0510078507924623
SRCV,0.19,0.2,25,0.05079607723386616,0.15642377149695952,0.031284754299391905,0.72,20.089743282212748,20.03894720497888,HistGB,0.33422114621338295,0.0897997772825746,0.061318118426808135
SRCV,0.19,0.21,25,0.09559414920156954,0.2037358535500393,0.04074717071000786,0.6,20.426169011249648,20.330574862048078,HistGB,0.33422114621338295,0.09797958971132711,0.0798644545916154
SRCV,0.19,0.24,25,0.29695806349435544,0.33539917994502727,0.06707983598900545,0.24,21.503601154726542,21.20664309123219,HistGB,0.33422114621338295,0.0854166260162505,0.13147647853845068
SRCV,0.19,0.32,25,1.4190617362327422,0.4929272956307442,0.09858545912614884,0.04,24.88636440386693,23.467302667634193,HistGB,0.33422114621338295,0.039191835884530846,0.1932274998872517
SRCV,0.19,0.4,25,2.7014878766267363,0.7107612875291986,0.14215225750583974,0.04,28.866762833851237,26.165274957224497,HistGB,0.33422114621338295,0.039191835884530846,0.2786184247114459
SRCV,0.19,0.5,25,4.520460065439781,1.0573709667107456,0.21147419334214912,0.04,34.801014786281414,30.280554720841632,HistGB,0.33422114621338295,0.039191835884530846,0.41448941895061225
SRCV,0.195,0.0,25,0.31904946138490375,1.1342459813485715,0.22684919626971428,0.92,13.044718950441085,12.725669489056184,HistGB,0.33422114621338295,0.05425863986500213,0.44462442468864
SRCV,0.195,0.025,25,0.17158981220268565,0.6305444753925764,0.12610889507851528,0.92,14.980968818913547,14.809379006710863,HistGB,0.33422114621338295,0.05425863986500213,0.24717343435388994
SRCV,0.195,0.1,25,0.06879680223314026,0.271742846874005,0.054348569374801,0.92,17.18748169069981,17.118684888466667,HistGB,0.33422114621338295,0.05425863986500213,0.10652319597460996
SRCV,0.195,0.15,25,0.05284944641202315,0.16349540914203842,0.03269908182840768,0.8,18.489506118727558,18.436656672315536,HistGB,0.33422114621338295,0.08,0.06409020038367905
SRCV,0.195,0.19,25,0.052155816670943406,0.13599642639092396,0.02719928527818479,0.76,19.789667983704245,19.7375121670333,HistGB,0.33422114621338295,0.0854166260162505,0.05331059914524219
SRCV,0.195,0.2,25,0.06452190026314923,0.15897282929481912,0.03179456585896383,0.64,20.10346910524203,20.03894720497888,HistGB,0.33422114621338295,0.096,0.062317349083569104
SRCV,0.195,0.21,25,0.1068708002126381,0.20502850182351526,0.04100570036470305,0.48,20.437445662260714,20.330574862048078,HistGB,0.33422114621338295,0.09991996797437437,0.08037117271481797
SRCV,0.195,0.24,25,0.3111760509625758,0.3425303608684501,0.06850607217369002,0.24,21.517819142194764,21.20664309123219,HistGB,0.33422114621338295,0.0854166260162505,0.13427190146043244
SRCV,0.195,0.32,25,1.4362044126795328,0.5081099518782604,0.10162199037565207,0.04,24.903507080313727,23.467302667634193,HistGB,0.33422114621338295,0.039191835884530846,0.19917910113627807
SRCV,0.195,0.4,25,2.7090003289181306,0.713065698023796,0.14261313960475921,0.04,28.87427528614263,26.165274957224497,HistGB,0.33422114621338295,0.039191835884530846,0.27952175362532805
SRCV,0.195,0.5,25,4.532666347043261,1.0587177924886628,0.21174355849773258,0.04,34.81322106788489,30.280554720841632,HistGB,0.33422114621338295,0.039191835884530846,0.4150173746555558
SRCV,0.2,0.0,25,1.2823212190480904,2.1753009021651795,0.4350601804330359,0.72,14.007990708104273,12.725669489056184,HistGB,0.7604688022513466,0.0897997772825746,0.8527179536487504
SRCV,0.2,0.025,25,0.7421907849145951,1.319443269274746,0.2638886538549492,0.72,15.551569791625457,14.809379006710863,HistGB,0.7604688022513466,0.0897997772825746,0.5172217615557004
SRCV,0.2,0.1,25,0.33717064586237666,0.6743938147518495,0.13487876295036988,0.72,17.455855534329046,17.118684888466667,HistGB,0.7604688022513466,0.0897997772825746,0.26436237538272495
SRCV,0.2,0.15,25,0.2219841381313178,0.4540510146955393,0.09081020293910787,0.64,18.65864081044685,18.436656672315536,HistGB,0.7604688022513466,0.096,0.1779879977606514
SRCV,0.2,0.19,25,0.13860305422722163,0.3050635749145408,0.06101271498290815,0.64,19.876115221260523,19.7375121670333,HistGB,0.7604688022513466,0.096,0.11958492136649998
SRCV,0.2,0.2,25,0.1446782480361729,0.2900739295181262,0.05801478590362524,0.6,20.18362545301505,20.03894720497888,HistGB,0.7604688022513466,0.09797958971132711,0.11370898037110548
SRCV,0.2,0.21,25,0.16085815663007494,0.28730360316086284,0.05746072063217257,0.48,20.491433018678155,20.330574862048078,HistGB,0.7604688022513466,0.09991996797437437,0.11262301243905824
SRCV,0.2,0.24,25,0.29548147423642346,0.340813943024442,0.0681627886048884,0.28,21.502124565468613,21.20664309123219,HistGB,0.7604688022513466,0.0897997772825746,0.13359906566558127
SRCV,0.2,0.32,25,1.2402439335720492,0.7324629506336935,0.1464925901267387,0.2,24.70754660120624,23.467302667634193,HistGB,0.7604688022513466,0.08,0.2871254766484079
SRCV,0.2,0.4,25,2.295701928765267,1.235104962307971,0.2470209924615942,0.2,28.460976885989766,26.165274957224497,HistGB,0.7604688022513466,0.08,0.48416114522472464
SRCV,0.2,0.5,25,3.8282847790539,2.007173105471364,0.4014346210942728,0.2,34.10883949989553,30.280554720841632,HistGB,0.7604688022513466,0.08,0.7868118573447747
SRCV,0.205,0.0,25,1.560810616137854,2.3568773146010806,0.47137546292021615,0.68,14.286480105194038,12.725669489056184,HistGB,0.7474359091744861,0.0932952303175248,0.9238959073236236
SRCV,0.205,0.025,25,0.9422243118897717,1.4414516247817137,0.28829032495634277,0.68,15.751603318600635,14.809379006710863,HistGB,0.7474359091744861,0.0932952303175248,0.5650490369144319
SRCV,0.205,0.1,25,0.44453088522917483,0.71326689745304,0.142653379490608,0.68,17.56321577369584,17.118684888466667,HistGB,0.7474359091744861,0.0932952303175248,0.2796006238015917
SRCV,0.205,0.15,25,0.29463299182501074,0.4696115779040213,0.09392231558080426,0.6,18.731289664140544,18.436656672315536,HistGB,0.7474359091744861,0.09797958971132711,0.18408773853837634
SRCV,0.205,0.19,25,0.1384664869830786,0.24835096600010692,0.04967019320002138,0.52,19.87597865401638,19.7375121670333,HistGB,0.7474359091744861,0.09991996797437437,0.0973535786720419
SRCV,0.205,0.2,25,0.13918168447433757,0.2511268336282366,0.05022536672564733,0.56,20.178128889453216,20.03894720497888,HistGB,0.7474359091744861,0.09927738916792685,0.09844171878226876
SRCV,0.205,0.21,25,0.14491662839815703,0.25060339411682725,0.05012067882336545,0.52,20.475491490446235,20.330574862048078,HistGB,0.7474359091744861,0.09991996797437437,0.09823653049379627
SRCV,0.205,0.24,25,0.2447948389114373,0.3360611385006489,0.06721222770012977,0.4,21.451437930143626,21.20664309123219,HistGB,0.7474359091744861,0.09797958971132711,0.13173596629225434
SRCV,0.205,0.32,25,1.0872407890216214,0.7857068901535749,0.15714137803071498,0.28,24.554543456655814,23.467302667634193,HistGB,0.7474359091744861,0.0897997772825746,0.3079971009402014
SRCV,0.205,0.4,25,2.0383142374454013,1.355449536892518,0.2710899073785036,0.28,28.2035891946699,26.165274957224497,HistGB,0.7474359091744861,0.0897997772825746,0.531336218461867
SRCV,0.205,0.5,25,3.391888224824776,2.201417352877276,0.4402834705754552,0.28,33.672442945666404,30.280554720841632,HistGB,0.7474359091744861,0.0897997772825746,0.8629556023278921
SRCV,0.21,0.0,25,1.22100532568455,2.2238691129657475,0.4447738225931495,0.76,13.946674814740732,12.725669489056184,HistGB,0.5510799280869728,0.0854166260162505,0.871756692282573
SRCV,0.21,0.025,25,0.7444717799104947,1.3622712025245136,0.27245424050490274,0.76,15.553850786621355,14.809379006710863,HistGB,0.5510799280869728,0.0854166260162505,0.5340103113896094
SRCV,0.21,0.1,25,0.3638044118639377,0.6799716755906113,0.13599433511812226,0.76,17.482489300330606,17.118684888466667,HistGB,0.5510799280869728,0.0854166260162505,0.2665488968315196
SRCV,0.21,0.15,25,0.23833972709387566,0.448130405013328,0.0896260810026656,0.64,18.67499639940941,18.436656672315536,HistGB,0.5510799280869728,0.096,0.17566711876522456
SRCV,0.21,0.19,25,0.13164267088151432,0.2796356683095897,0.05592713366191794,0.6,19.869154837914813,19.7375121670333,HistGB,0.5510799280869728,0.09797958971132711,0.10961718197735916
SRCV,0.21,0.2,25,0.12991169228918736,0.26965997622556526,0.05393199524511305,0.56,20.168858897268066,20.03894720497888,HistGB,0.5510799280869728,0.09927738916792685,0.10570671068042158
SRCV,0.21,0.21,25,0.13894476847654644,0.2611676455733576,0.052233529114671516,0.52,20.469519630524623,20.330574862048078,HistGB,0.5510799280869728,0.09991996797437437,0.10237771706475617
SRCV,0.21,0.24,25,0.2644472099472283,0.3402325424183475,0.0680465084836695,0.28,21.471090301179416,21.20664309123219,HistGB,0.5510799280869728,0.0897997772825746,0.1333711566279922
SRCV,0.21,0.32,25,1.1440239361914177,0.7548464225315799,0.15096928450631597,0.24,24.61132660382561,23.467302667634193,HistGB,0.5510799280869728,0.0854166260162505,0.2958997976323793
SRCV,0.21,0.4,25,2.1310584052179125,1.287078473045833,0.2574156946091666,0.24,28.29633336244241,26.165274957224497,HistGB,0.5510799280869728,0.0854166260162505,0.5045347614339665
SRCV,0.21,0.5,25,3.5827009763162696,2.104036349095325,0.42080726981906497,0.24,33.8632556971579,30.280554720841632,HistGB,0.5510799280869728,0.0854166260162505,0.8247822488453673
SRCV,0.22,0.0,25,3.557587326430841,2.294920458103702,0.4589840916207404,0.28,16.28325681548702,12.725669489056184,KNN,0.5929533174474745,0.0897997772825746,0.8996088195766512
SRCV,0.22,0.025,25,2.1451287323976693,1.4087030018485682,0.28174060036971366,0.28,16.954507739108532,14.809379006710863,KNN,0.5929533174474745,0.0897997772825746,0.5522115767246387
SRCV,0.22,0.1,25,1.01880317651724,0.7215211622535199,0.14430423245070398,0.28,18.13748806498391,17.118684888466667,KNN,0.5929533174474745,0.0897997772825746,0.2828362956033798
SRCV,0.22,0.15,25,0.6260328781009623,0.4953284146583,0.09906568293166,0.28,19.062689550416497,18.436656672315536,KNN,0.5929533174474745,0.0897997772825746,0.1941687385460536
SRCV,0.22,0.19,25,0.24494558066434935,0.2974508974347432,0.05949017948694864,0.28,19.982457747697648,19.7375121670333,KNN,0.5929533174474745,0.0897997772825746,0.11660075179441932
SRCV,0.22,0.2,25,0.19055503466180057,0.27986781594218557,0.05597356318843712,0.36,20.22950223964068,20.03894720497888,KNN,0.5929533174474745,0.096,0.10970818384933674
SRCV,0.22,0.21,25,0.14410957848089892,0.23253243596024487,0.04650648719204897,0.48,20.474684440528975,20.330574862048078,KNN,0.5929533174474745,0.09991996797437437,0.09115271489641598
SRCV,0.22,0.24,25,0.06431981774732932,0.15578469256914868,0.031156938513829734,0.8,21.270962908979516,21.20664309123219,KNN,0.5929533174474745,0.08,0.06106759948710628
SRCV,0.22,0.32,25,0.35510340591371387,0.6029492213540918,0.12058984427081836,0.72,23.822406073547903,23.467302667634193,KNN,0.5929533174474745,0.0897997772825746,0.23635609477080397
SRCV,0.22,0.4,25,0.7354057296674041,1.2204827339473983,0.24409654678947965,0.72,26.900680686891903,26.165274957224497,KNN,0.5929533174474745,0.0897997772825746,0.4784292317073801
SRCV,0.22,0.5,25,1.2570316401059427,2.0634682581067754,0.4126936516213551,0.72,31.537586360947575,30.280554720841632,KNN,0.5929533174474745,0.0897997772825746,0.808879557177856
SRCV,0.24,0.0,25,4.842851089994128,1.107282277912227,0.22145645558244542,0.04,17.56852057905031,12.725669489056184,KNN,0.167944147734173,0.039191835884530846,0.434054652941593
SRCV,0.24,0.025,25,2.9507503952703558,0.7424359920332242,0.14848719840664484,0.04,17.760129401981217,14.809379006710863,KNN,0.167944147734173,0.039191835884530846,0.2910349088770239
SRCV,0.24,0.1,25,1.4431895854791088,0.49343514688775103,0.09868702937755021,0.04,18.561874473945778,17.118684888466667,KNN,0.167944147734173,0.039191835884530846,0.1934265775799984
SRCV,0.24,0.15,25,0.9130522353136261,0.4156387284149192,0.08312774568298384,0.08,19.34970890762916,18.436656672315536,KNN,0.167944147734173,0.054258639865002144,0.16293038153864833
SRCV,0.24,0.19,25,0.3919141822456571,0.35408414198042415,0.07081682839608483,0.08,20.12942634927896,19.7375121670333,KNN,0.167944147734173,0.054258639865002144,0.13880098365632626
SRCV,0.24,0.2,25,0.303223244816369,0.3295638613830776,0.06591277227661552,0.24,20.342170449795248,20.03894720497888,KNN,0.167944147734173,0.0854166260162505,0.1291890336621664
SRCV,0.24,0.21,25,0.23602869190294853,0.29901826953313093,0.05980365390662619,0.36,20.566603553951026,20.330574862048078,KNN,0.167944147734173,0.096,0.11721516165698732
SRCV,0.24,0.24,25,0.06348083554968781,0.14826617277725407,0.029653234555450814,0.8,21.270123926781874,21.20664309123219,KNN,0.167944147734173,0.08,0.05812033972868359
SRCV,0.24,0.32,25,0.040313695137478046,0.20156847568739028,0.04031369513747805,0.96,23.507616362771667,23.467302667634193,KNN,0.167944147734173,0.039191835884530866,0.07901484246945699
SRCV,0.24,0.4,25,0.0988102074514218,0.494051037257109,0.0988102074514218,0.96,26.264085164675922,26.165274957224497,KNN,0.167944147734173,0.039191835884530866,0.19366800660478672
SRCV,0.24,0.5,25,0.17722709042049786,0.8861354521024895,0.1772270904204979,0.96,30.45778181126213,30.280554720841632,KNN,0.167944147734173,0.039191835884530866,0.34736509722417586
SRCV,0.27,0.0,25,5.0602022041912305,0.46281417806687,0.092562835613374,0.0,17.785871693247415,12.725669489056184,KNN,-0.0,0.0,0.18142315780221305
SRCV,0.27,0.025,25,3.0893723912419193,0.4236133282233857,0.08472266564467715,0.0,17.89875139795278,14.809379006710863,KNN,-0.0,0.0,0.1660564246635672
SRCV,0.27,0.1,25,1.5201552252322645,0.40020323979470324,0.08004064795894064,0.0,18.638840113698933,17.118684888466667,KNN,-0.0,0.0,0.15687966999952366
SRCV,0.27,0.15,25,0.9665976940842681,0.3775972784873126,0.07551945569746252,0.04,19.403254366399803,18.436656672315536,KNN,-0.0,0.039191835884530846,0.14801813316702653
SRCV,0.27,0.19,25,0.4198801723189716,0.34941966556486503,0.069883933112973,0.04,20.157392339352274,19.7375121670333,KNN,-0.0,0.039191835884530846,0.1369725089014271
SRCV,0.27,0.2,25,0.32779000411469894,0.3289092392232188,0.06578184784464376,0.2,20.36673720909358,20.03894720497888,KNN,-0.0,0.08,0.12893242177550177
SRCV,0.27,0.21,25,0.25118425223018903,0.29614491551821326,0.05922898310364265,0.32,20.581759114278267,20.330574862048078,KNN,-0.0,0.0932952303175248,0.11608880688313959
SRCV,0.27,0.24,25,0.0650691647363817,0.14776964651225563,0.029553929302451126,0.76,21.27171225596857,21.20664309123219,KNN,-0.0,0.0854166260162505,0.057925701432804205
SRCV,0.27,0.32,25,0.0,0.0,0.0,1.0,23.467302667634193,23.467302667634193,KNN,-0.0,0.0,0.0
SRCV,0.27,0.4,25,0.0,0.0,0.0,1.0,26.165274957224497,26.165274957224497,KNN,-0.0,0.0,0.0
SRCV,0.27,0.5,25,0.0,0.0,0.0,1.0,30.280554720841632,30.280554720841632,KNN,-0.0,0.0,0.0
SRCV,0.32,0.0,25,5.0602022041912305,0.46281417806687,0.092562835613374,0.0,17.785871693247415,12.725669489056184,KNN,-0.0,0.0,0.18142315780221305
SRCV,0.32,0.025,25,3.0893723912419193,0.4236133282233857,0.08472266564467715,0.0,17.89875139795278,14.809379006710863,KNN,-0.0,0.0,0.1660564246635672
SRCV,0.32,0.1,25,1.5201552252322645,0.40020323979470324,0.08004064795894064,0.0,18.638840113698933,17.118684888466667,KNN,-0.0,0.0,0.15687966999952366
SRCV,0.32,0.15,25,0.9665976940842681,0.3775972784873126,0.07551945569746252,0.04,19.403254366399803,18.436656672315536,KNN,-0.0,0.039191835884530846,0.14801813316702653
SRCV,0.32,0.19,25,0.4198801723189716,0.34941966556486503,0.069883933112973,0.04,20.157392339352274,19.7375121670333,KNN,-0.0,0.039191835884530846,0.1369725089014271
SRCV,0.32,0.2,25,0.32779000411469894,0.3289092392232188,0.06578184784464376,0.2,20.36673720909358,20.03894720497888,KNN,-0.0,0.08,0.12893242177550177
SRCV,0.32,0.21,25,0.25118425223018903,0.29614491551821326,0.05922898310364265,0.32,20.581759114278267,20.330574862048078,KNN,-0.0,0.0932952303175248,0.11608880688313959
SRCV,0.32,0.24,25,0.0650691647363817,0.14776964651225563,0.029553929302451126,0.76,21.27171225596857,21.20664309123219,KNN,-0.0,0.0854166260162505,0.057925701432804205
SRCV,0.32,0.32,25,0.0,0.0,0.0,1.0,23.467302667634193,23.467302667634193,KNN,-0.0,0.0,0.0
SRCV,0.32,0.4,25,0.0,0.0,0.0,1.0,26.165274957224497,26.165274957224497,KNN,-0.0,0.0,0.0
SRCV,0.32,0.5,25,0.0,0.0,0.0,1.0,30.280554720841632,30.280554720841632,KNN,-0.0,0.0,0.0
SRCV,0.4,0.0,25,5.0602022041912305,0.46281417806687,0.092562835613374,0.0,17.785871693247415,12.725669489056184,KNN,-0.0,0.0,0.18142315780221305
SRCV,0.4,0.025,25,3.0893723912419193,0.4236133282233857,0.08472266564467715,0.0,17.89875139795278,14.809379006710863,KNN,-0.0,0.0,0.1660564246635672
SRCV,0.4,0.1,25,1.5201552252322645,0.40020323979470324,0.08004064795894064,0.0,18.638840113698933,17.118684888466667,KNN,-0.0,0.0,0.15687966999952366
SRCV,0.4,0.15,25,0.9665976940842681,0.3775972784873126,0.07551945569746252,0.04,19.403254366399803,18.436656672315536,KNN,-0.0,0.039191835884530846,0.14801813316702653
SRCV,0.4,0.19,25,0.4198801723189716,0.34941966556486503,0.069883933112973,0.04,20.157392339352274,19.7375121670333,KNN,-0.0,0.039191835884530846,0.1369725089014271
SRCV,0.4,0.2,25,0.32779000411469894,0.3289092392232188,0.06578184784464376,0.2,20.36673720909358,20.03894720497888,KNN,-0.0,0.08,0.12893242177550177
SRCV,0.4,0.21,25,0.25118425223018903,0.29614491551821326,0.05922898310364265,0.32,20.581759114278267,20.330574862048078,KNN,-0.0,0.0932952303175248,0.11608880688313959
SRCV,0.4,0.24,25,0.0650691647363817,0.14776964651225563,0.029553929302451126,0.76,21.27171225596857,21.20664309123219,KNN,-0.0,0.0854166260162505,0.057925701432804205
SRCV,0.4,0.32,25,0.0,0.0,0.0,1.0,23.467302667634193,23.467302667634193,KNN,-0.0,0.0,0.0
SRCV,0.4,0.4,25,0.0,0.0,0.0,1.0,26.165274957224497,26.165274957224497,KNN,-0.0,0.0,0.0
SRCV,0.4,0.5,25,0.0,0.0,0.0,1.0,30.280554720841632,30.280554720841632,KNN,-0.0,0.0,0.0
SRCV,0.5,0.0,25,5.0602022041912305,0.46281417806687,0.092562835613374,0.0,17.785871693247415,12.725669489056184,KNN,-0.0,0.0,0.18142315780221305
SRCV,0.5,0.025,25,3.0893723912419193,0.4236133282233857,0.08472266564467715,0.0,17.89875139795278,14.809379006710863,KNN,-0.0,0.0,0.1660564246635672
SRCV,0.5,0.1,25,1.5201552252322645,0.40020323979470324,0.08004064795894064,0.0,18.638840113698933,17.118684888466667,KNN,-0.0,0.0,0.15687966999952366
SRCV,0.5,0.15,25,0.9665976940842681,0.3775972784873126,0.07551945569746252,0.04,19.403254366399803,18.436656672315536,KNN,-0.0,0.039191835884530846,0.14801813316702653
SRCV,0.5,0.19,25,0.4198801723189716,0.34941966556486503,0.069883933112973,0.04,20.157392339352274,19.7375121670333,KNN,-0.0,0.039191835884530846,0.1369725089014271
SRCV,0.5,0.2,25,0.32779000411469894,0.3289092392232188,0.06578184784464376,0.2,20.36673720909358,20.03894720497888,KNN,-0.0,0.08,0.12893242177550177
SRCV,0.5,0.21,25,0.25118425223018903,0.29614491551821326,0.05922898310364265,0.32,20.581759114278267,20.330574862048078,KNN,-0.0,0.0932952303175248,0.11608880688313959
SRCV,0.5,0.24,25,0.0650691647363817,0.14776964651225563,0.029553929302451126,0.76,21.27171225596857,21.20664309123219,KNN,-0.0,0.0854166260162505,0.057925701432804205
SRCV,0.5,0.32,25,0.0,0.0,0.0,1.0,23.467302667634193,23.467302667634193,KNN,-0.0,0.0,0.0
SRCV,0.5,0.4,25,0.0,0.0,0.0,1.0,26.165274957224497,26.165274957224497,KNN,-0.0,0.0,0.0
SRCV,0.5,0.5,25,0.0,0.0,0.0,1.0,30.280554720841632,30.280554720841632,KNN,-0.0,0.0,0.0
clean,0.0,0.0,25,0.0,0.0,0.0,1.0,12.725669489056184,12.725669489056184,HistGB,-0.0,0.0,0.0
clean,0.0,0.025,25,0.0,0.0,0.0,1.0,14.809379006710863,14.809379006710863,HistGB,-0.0,0.0,0.0
clean,0.0,0.1,25,0.0,0.0,0.0,1.0,17.118684888466667,17.118684888466667,HistGB,-0.0,0.0,0.0
clean,0.0,0.15,25,0.009129237901180715,0.026707056325500366,0.005341411265100073,0.88,18.445785910216713,18.436656672315536,HistGB,-0.0,0.06499230723708768,0.010469166079596142
clean,0.0,0.19,25,0.031244984910813685,0.12007741452827445,0.02401548290565489,0.84,19.768757151944115,19.7375121670333,HistGB,-0.0,0.07332121111929345,0.047070346495083584
clean,0.0,0.2,25,0.05158617267396423,0.1570088339223781,0.03140176678447562,0.72,20.090533377652843,20.03894720497888,HistGB,-0.0,0.0897997772825746,0.061547462897572215
clean,0.0,0.21,25,0.10194341754043662,0.2068598584667921,0.04137197169335842,0.56,20.43251827958851,20.330574862048078,HistGB,-0.0,0.09927738916792685,0.0810890645189825
clean,0.0,0.24,25,0.3228179421458181,0.336470530828331,0.0672941061656662,0.2,21.529461033378006,21.20664309123219,HistGB,-0.0,0.08,0.13189644808470574
clean,0.0,0.32,25,1.5010175580934604,0.41120907905658405,0.08224181581131682,0.0,24.968320225727652,23.467302667634193,HistGB,-0.0,0.0,0.16119395899018096
clean,0.0,0.4,25,2.8263392186992995,0.44034353139303734,0.08806870627860747,0.0,28.991614175923797,26.165274957224497,HistGB,-0.0,0.0,0.17261466430607064
clean,0.0,0.5,25,4.706924210235701,0.4750289955574938,0.09500579911149876,0.0,34.987478931077334,30.280554720841632,HistGB,-0.0,0.0,0.18621136625853757
clean,0.025,0.0,25,0.0,0.0,0.0,1.0,12.725669489056184,12.725669489056184,HistGB,-0.0,0.0,0.0
clean,0.025,0.025,25,0.0,0.0,0.0,1.0,14.809379006710863,14.809379006710863,HistGB,-0.0,0.0,0.0
clean,0.025,0.1,25,0.0,0.0,0.0,1.0,17.118684888466667,17.118684888466667,HistGB,-0.0,0.0,0.0
clean,0.025,0.15,25,0.009129237901180715,0.026707056325500366,0.005341411265100073,0.88,18.445785910216713,18.436656672315536,HistGB,-0.0,0.06499230723708768,0.010469166079596142
clean,0.025,0.19,25,0.031244984910813685,0.12007741452827445,0.02401548290565489,0.84,19.768757151944115,19.7375121670333,HistGB,-0.0,0.07332121111929345,0.047070346495083584
clean,0.025,0.2,25,0.05158617267396423,0.1570088339223781,0.03140176678447562,0.72,20.090533377652843,20.03894720497888,HistGB,-0.0,0.0897997772825746,0.061547462897572215
clean,0.025,0.21,25,0.10194341754043662,0.2068598584667921,0.04137197169335842,0.56,20.43251827958851,20.330574862048078,HistGB,-0.0,0.09927738916792685,0.0810890645189825
clean,0.025,0.24,25,0.3228179421458181,0.336470530828331,0.0672941061656662,0.2,21.529461033378006,21.20664309123219,HistGB,-0.0,0.08,0.13189644808470574
clean,0.025,0.32,25,1.5010175580934604,0.41120907905658405,0.08224181581131682,0.0,24.968320225727652,23.467302667634193,HistGB,-0.0,0.0,0.16119395899018096
clean,0.025,0.4,25,2.8263392186992995,0.44034353139303734,0.08806870627860747,0.0,28.991614175923797,26.165274957224497,HistGB,-0.0,0.0,0.17261466430607064
clean,0.025,0.5,25,4.706924210235701,0.4750289955574938,0.09500579911149876,0.0,34.987478931077334,30.280554720841632,HistGB,-0.0,0.0,0.18621136625853757
clean,0.05,0.0,25,0.0,0.0,0.0,1.0,12.725669489056184,12.725669489056184,HistGB,-0.0,0.0,0.0
clean,0.05,0.025,25,0.0,0.0,0.0,1.0,14.809379006710863,14.809379006710863,HistGB,-0.0,0.0,0.0
clean,0.05,0.1,25,0.0,0.0,0.0,1.0,17.118684888466667,17.118684888466667,HistGB,-0.0,0.0,0.0
clean,0.05,0.15,25,0.009129237901180715,0.026707056325500366,0.005341411265100073,0.88,18.445785910216713,18.436656672315536,HistGB,-0.0,0.06499230723708768,0.010469166079596142
clean,0.05,0.19,25,0.031244984910813685,0.12007741452827445,0.02401548290565489,0.84,19.768757151944115,19.7375121670333,HistGB,-0.0,0.07332121111929345,0.047070346495083584
clean,0.05,0.2,25,0.05158617267396423,0.1570088339223781,0.03140176678447562,0.72,20.090533377652843,20.03894720497888,HistGB,-0.0,0.0897997772825746,0.061547462897572215
clean,0.05,0.21,25,0.10194341754043662,0.2068598584667921,0.04137197169335842,0.56,20.43251827958851,20.330574862048078,HistGB,-0.0,0.09927738916792685,0.0810890645189825
clean,0.05,0.24,25,0.3228179421458181,0.336470530828331,0.0672941061656662,0.2,21.529461033378006,21.20664309123219,HistGB,-0.0,0.08,0.13189644808470574
clean,0.05,0.32,25,1.5010175580934604,0.41120907905658405,0.08224181581131682,0.0,24.968320225727652,23.467302667634193,HistGB,-0.0,0.0,0.16119395899018096
clean,0.05,0.4,25,2.8263392186992995,0.44034353139303734,0.08806870627860747,0.0,28.991614175923797,26.165274957224497,HistGB,-0.0,0.0,0.17261466430607064
clean,0.05,0.5,25,4.706924210235701,0.4750289955574938,0.09500579911149876,0.0,34.987478931077334,30.280554720841632,HistGB,-0.0,0.0,0.18621136625853757
clean,0.075,0.0,25,0.0,0.0,0.0,1.0,12.725669489056184,12.725669489056184,HistGB,-0.0,0.0,0.0
clean,0.075,0.025,25,0.0,0.0,0.0,1.0,14.809379006710863,14.809379006710863,HistGB,-0.0,0.0,0.0
clean,0.075,0.1,25,0.0,0.0,0.0,1.0,17.118684888466667,17.118684888466667,HistGB,-0.0,0.0,0.0
clean,0.075,0.15,25,0.009129237901180715,0.026707056325500366,0.005341411265100073,0.88,18.445785910216713,18.436656672315536,HistGB,-0.0,0.06499230723708768,0.010469166079596142
clean,0.075,0.19,25,0.031244984910813685,0.12007741452827445,0.02401548290565489,0.84,19.768757151944115,19.7375121670333,HistGB,-0.0,0.07332121111929345,0.047070346495083584
clean,0.075,0.2,25,0.05158617267396423,0.1570088339223781,0.03140176678447562,0.72,20.090533377652843,20.03894720497888,HistGB,-0.0,0.0897997772825746,0.061547462897572215
clean,0.075,0.21,25,0.10194341754043662,0.2068598584667921,0.04137197169335842,0.56,20.43251827958851,20.330574862048078,HistGB,-0.0,0.09927738916792685,0.0810890645189825
clean,0.075,0.24,25,0.3228179421458181,0.336470530828331,0.0672941061656662,0.2,21.529461033378006,21.20664309123219,HistGB,-0.0,0.08,0.13189644808470574
clean,0.075,0.32,25,1.5010175580934604,0.41120907905658405,0.08224181581131682,0.0,24.968320225727652,23.467302667634193,HistGB,-0.0,0.0,0.16119395899018096
clean,0.075,0.4,25,2.8263392186992995,0.44034353139303734,0.08806870627860747,0.0,28.991614175923797,26.165274957224497,HistGB,-0.0,0.0,0.17261466430607064
clean,0.075,0.5,25,4.706924210235701,0.4750289955574938,0.09500579911149876,0.0,34.987478931077334,30.280554720841632,HistGB,-0.0,0.0,0.18621136625853757
clean,0.1,0.0,25,0.0,0.0,0.0,1.0,12.725669489056184,12.725669489056184,HistGB,-0.0,0.0,0.0
clean,0.1,0.025,25,0.0,0.0,0.0,1.0,14.809379006710863,14.809379006710863,HistGB,-0.0,0.0,0.0
clean,0.1,0.1,25,0.0,0.0,0.0,1.0,17.118684888466667,17.118684888466667,HistGB,-0.0,0.0,0.0
clean,0.1,0.15,25,0.009129237901180715,0.026707056325500366,0.005341411265100073,0.88,18.445785910216713,18.436656672315536,HistGB,-0.0,0.06499230723708768,0.010469166079596142
clean,0.1,0.19,25,0.031244984910813685,0.12007741452827445,0.02401548290565489,0.84,19.768757151944115,19.7375121670333,HistGB,-0.0,0.07332121111929345,0.047070346495083584
clean,0.1,0.2,25,0.05158617267396423,0.1570088339223781,0.03140176678447562,0.72,20.090533377652843,20.03894720497888,HistGB,-0.0,0.0897997772825746,0.061547462897572215
clean,0.1,0.21,25,0.10194341754043662,0.2068598584667921,0.04137197169335842,0.56,20.43251827958851,20.330574862048078,HistGB,-0.0,0.09927738916792685,0.0810890645189825
clean,0.1,0.24,25,0.3228179421458181,0.336470530828331,0.0672941061656662,0.2,21.529461033378006,21.20664309123219,HistGB,-0.0,0.08,0.13189644808470574
clean,0.1,0.32,25,1.5010175580934604,0.41120907905658405,0.08224181581131682,0.0,24.968320225727652,23.467302667634193,HistGB,-0.0,0.0,0.16119395899018096
clean,0.1,0.4,25,2.8263392186992995,0.44034353139303734,0.08806870627860747,0.0,28.991614175923797,26.165274957224497,HistGB,-0.0,0.0,0.17261466430607064
clean,0.1,0.5,25,4.706924210235701,0.4750289955574938,0.09500579911149876,0.0,34.987478931077334,30.280554720841632,HistGB,-0.0,0.0,0.18621136625853757
clean,0.125,0.0,25,0.0,0.0,0.0,1.0,12.725669489056184,12.725669489056184,HistGB,-0.0,0.0,0.0
clean,0.125,0.025,25,0.0,0.0,0.0,1.0,14.809379006710863,14.809379006710863,HistGB,-0.0,0.0,0.0
clean,0.125,0.1,25,0.0,0.0,0.0,1.0,17.118684888466667,17.118684888466667,HistGB,-0.0,0.0,0.0
clean,0.125,0.15,25,0.009129237901180715,0.026707056325500366,0.005341411265100073,0.88,18.445785910216713,18.436656672315536,HistGB,-0.0,0.06499230723708768,0.010469166079596142
clean,0.125,0.19,25,0.031244984910813685,0.12007741452827445,0.02401548290565489,0.84,19.768757151944115,19.7375121670333,HistGB,-0.0,0.07332121111929345,0.047070346495083584
clean,0.125,0.2,25,0.05158617267396423,0.1570088339223781,0.03140176678447562,0.72,20.090533377652843,20.03894720497888,HistGB,-0.0,0.0897997772825746,0.061547462897572215
clean,0.125,0.21,25,0.10194341754043662,0.2068598584667921,0.04137197169335842,0.56,20.43251827958851,20.330574862048078,HistGB,-0.0,0.09927738916792685,0.0810890645189825
clean,0.125,0.24,25,0.3228179421458181,0.336470530828331,0.0672941061656662,0.2,21.529461033378006,21.20664309123219,HistGB,-0.0,0.08,0.13189644808470574
clean,0.125,0.32,25,1.5010175580934604,0.41120907905658405,0.08224181581131682,0.0,24.968320225727652,23.467302667634193,HistGB,-0.0,0.0,0.16119395899018096
clean,0.125,0.4,25,2.8263392186992995,0.44034353139303734,0.08806870627860747,0.0,28.991614175923797,26.165274957224497,HistGB,-0.0,0.0,0.17261466430607064
clean,0.125,0.5,25,4.706924210235701,0.4750289955574938,0.09500579911149876,0.0,34.987478931077334,30.280554720841632,HistGB,-0.0,0.0,0.18621136625853757
clean,0.15,0.0,25,0.0,0.0,0.0,1.0,12.725669489056184,12.725669489056184,HistGB,-0.0,0.0,0.0
clean,0.15,0.025,25,0.0,0.0,0.0,1.0,14.809379006710863,14.809379006710863,HistGB,-0.0,0.0,0.0
clean,0.15,0.1,25,0.0,0.0,0.0,1.0,17.118684888466667,17.118684888466667,HistGB,-0.0,0.0,0.0
clean,0.15,0.15,25,0.009129237901180715,0.026707056325500366,0.005341411265100073,0.88,18.445785910216713,18.436656672315536,HistGB,-0.0,0.06499230723708768,0.010469166079596142
clean,0.15,0.19,25,0.031244984910813685,0.12007741452827445,0.02401548290565489,0.84,19.768757151944115,19.7375121670333,HistGB,-0.0,0.07332121111929345,0.047070346495083584
clean,0.15,0.2,25,0.05158617267396423,0.1570088339223781,0.03140176678447562,0.72,20.090533377652843,20.03894720497888,HistGB,-0.0,0.0897997772825746,0.061547462897572215
clean,0.15,0.21,25,0.10194341754043662,0.2068598584667921,0.04137197169335842,0.56,20.43251827958851,20.330574862048078,HistGB,-0.0,0.09927738916792685,0.0810890645189825
clean,0.15,0.24,25,0.3228179421458181,0.336470530828331,0.0672941061656662,0.2,21.529461033378006,21.20664309123219,HistGB,-0.0,0.08,0.13189644808470574
clean,0.15,0.32,25,1.5010175580934604,0.41120907905658405,0.08224181581131682,0.0,24.968320225727652,23.467302667634193,HistGB,-0.0,0.0,0.16119395899018096
clean,0.15,0.4,25,2.8263392186992995,0.44034353139303734,0.08806870627860747,0.0,28.991614175923797,26.165274957224497,HistGB,-0.0,0.0,0.17261466430607064
clean,0.15,0.5,25,4.706924210235701,0.4750289955574938,0.09500579911149876,0.0,34.987478931077334,30.280554720841632,HistGB,-0.0,0.0,0.18621136625853757
clean,0.17,0.0,25,0.0,0.0,0.0,1.0,12.725669489056184,12.725669489056184,HistGB,-0.0,0.0,0.0
clean,0.17,0.025,25,0.0,0.0,0.0,1.0,14.809379006710863,14.809379006710863,HistGB,-0.0,0.0,0.0
clean,0.17,0.1,25,0.0,0.0,0.0,1.0,17.118684888466667,17.118684888466667,HistGB,-0.0,0.0,0.0
clean,0.17,0.15,25,0.009129237901180715,0.026707056325500366,0.005341411265100073,0.88,18.445785910216713,18.436656672315536,HistGB,-0.0,0.06499230723708768,0.010469166079596142
clean,0.17,0.19,25,0.031244984910813685,0.12007741452827445,0.02401548290565489,0.84,19.768757151944115,19.7375121670333,HistGB,-0.0,0.07332121111929345,0.047070346495083584
clean,0.17,0.2,25,0.05158617267396423,0.1570088339223781,0.03140176678447562,0.72,20.090533377652843,20.03894720497888,HistGB,-0.0,0.0897997772825746,0.061547462897572215
clean,0.17,0.21,25,0.10194341754043662,0.2068598584667921,0.04137197169335842,0.56,20.43251827958851,20.330574862048078,HistGB,-0.0,0.09927738916792685,0.0810890645189825
clean,0.17,0.24,25,0.3228179421458181,0.336470530828331,0.0672941061656662,0.2,21.529461033378006,21.20664309123219,HistGB,-0.0,0.08,0.13189644808470574
clean,0.17,0.32,25,1.5010175580934604,0.41120907905658405,0.08224181581131682,0.0,24.968320225727652,23.467302667634193,HistGB,-0.0,0.0,0.16119395899018096
clean,0.17,0.4,25,2.8263392186992995,0.44034353139303734,0.08806870627860747,0.0,28.991614175923797,26.165274957224497,HistGB,-0.0,0.0,0.17261466430607064
clean,0.17,0.5,25,4.706924210235701,0.4750289955574938,0.09500579911149876,0.0,34.987478931077334,30.280554720841632,HistGB,-0.0,0.0,0.18621136625853757
clean,0.18,0.0,25,0.0,0.0,0.0,1.0,12.725669489056184,12.725669489056184,HistGB,-0.0,0.0,0.0
clean,0.18,0.025,25,0.0,0.0,0.0,1.0,14.809379006710863,14.809379006710863,HistGB,-0.0,0.0,0.0
clean,0.18,0.1,25,0.0,0.0,0.0,1.0,17.118684888466667,17.118684888466667,HistGB,-0.0,0.0,0.0
clean,0.18,0.15,25,0.009129237901180715,0.026707056325500366,0.005341411265100073,0.88,18.445785910216713,18.436656672315536,HistGB,-0.0,0.06499230723708768,0.010469166079596142
clean,0.18,0.19,25,0.031244984910813685,0.12007741452827445,0.02401548290565489,0.84,19.768757151944115,19.7375121670333,HistGB,-0.0,0.07332121111929345,0.047070346495083584
clean,0.18,0.2,25,0.05158617267396423,0.1570088339223781,0.03140176678447562,0.72,20.090533377652843,20.03894720497888,HistGB,-0.0,0.0897997772825746,0.061547462897572215
clean,0.18,0.21,25,0.10194341754043662,0.2068598584667921,0.04137197169335842,0.56,20.43251827958851,20.330574862048078,HistGB,-0.0,0.09927738916792685,0.0810890645189825
clean,0.18,0.24,25,0.3228179421458181,0.336470530828331,0.0672941061656662,0.2,21.529461033378006,21.20664309123219,HistGB,-0.0,0.08,0.13189644808470574
clean,0.18,0.32,25,1.5010175580934604,0.41120907905658405,0.08224181581131682,0.0,24.968320225727652,23.467302667634193,HistGB,-0.0,0.0,0.16119395899018096
clean,0.18,0.4,25,2.8263392186992995,0.44034353139303734,0.08806870627860747,0.0,28.991614175923797,26.165274957224497,HistGB,-0.0,0.0,0.17261466430607064
clean,0.18,0.5,25,4.706924210235701,0.4750289955574938,0.09500579911149876,0.0,34.987478931077334,30.280554720841632,HistGB,-0.0,0.0,0.18621136625853757
clean,0.19,0.0,25,0.0,0.0,0.0,1.0,12.725669489056184,12.725669489056184,HistGB,-0.0,0.0,0.0
clean,0.19,0.025,25,0.0,0.0,0.0,1.0,14.809379006710863,14.809379006710863,HistGB,-0.0,0.0,0.0
clean,0.19,0.1,25,0.0,0.0,0.0,1.0,17.118684888466667,17.118684888466667,HistGB,-0.0,0.0,0.0
clean,0.19,0.15,25,0.009129237901180715,0.026707056325500366,0.005341411265100073,0.88,18.445785910216713,18.436656672315536,HistGB,-0.0,0.06499230723708768,0.010469166079596142
clean,0.19,0.19,25,0.031244984910813685,0.12007741452827445,0.02401548290565489,0.84,19.768757151944115,19.7375121670333,HistGB,-0.0,0.07332121111929345,0.047070346495083584
clean,0.19,0.2,25,0.05158617267396423,0.1570088339223781,0.03140176678447562,0.72,20.090533377652843,20.03894720497888,HistGB,-0.0,0.0897997772825746,0.061547462897572215
clean,0.19,0.21,25,0.10194341754043662,0.2068598584667921,0.04137197169335842,0.56,20.43251827958851,20.330574862048078,HistGB,-0.0,0.09927738916792685,0.0810890645189825
clean,0.19,0.24,25,0.3228179421458181,0.336470530828331,0.0672941061656662,0.2,21.529461033378006,21.20664309123219,HistGB,-0.0,0.08,0.13189644808470574
clean,0.19,0.32,25,1.5010175580934604,0.41120907905658405,0.08224181581131682,0.0,24.968320225727652,23.467302667634193,HistGB,-0.0,0.0,0.16119395899018096
clean,0.19,0.4,25,2.8263392186992995,0.44034353139303734,0.08806870627860747,0.0,28.991614175923797,26.165274957224497,HistGB,-0.0,0.0,0.17261466430607064
clean,0.19,0.5,25,4.706924210235701,0.4750289955574938,0.09500579911149876,0.0,34.987478931077334,30.280554720841632,HistGB,-0.0,0.0,0.18621136625853757
clean,0.195,0.0,25,0.0,0.0,0.0,1.0,12.725669489056184,12.725669489056184,HistGB,-0.0,0.0,0.0
clean,0.195,0.025,25,0.0,0.0,0.0,1.0,14.809379006710863,14.809379006710863,HistGB,-0.0,0.0,0.0
clean,0.195,0.1,25,0.0,0.0,0.0,1.0,17.118684888466667,17.118684888466667,HistGB,-0.0,0.0,0.0
clean,0.195,0.15,25,0.009129237901180715,0.026707056325500366,0.005341411265100073,0.88,18.445785910216713,18.436656672315536,HistGB,-0.0,0.06499230723708768,0.010469166079596142
clean,0.195,0.19,25,0.031244984910813685,0.12007741452827445,0.02401548290565489,0.84,19.768757151944115,19.7375121670333,HistGB,-0.0,0.07332121111929345,0.047070346495083584
clean,0.195,0.2,25,0.05158617267396423,0.1570088339223781,0.03140176678447562,0.72,20.090533377652843,20.03894720497888,HistGB,-0.0,0.0897997772825746,0.061547462897572215
clean,0.195,0.21,25,0.10194341754043662,0.2068598584667921,0.04137197169335842,0.56,20.43251827958851,20.330574862048078,HistGB,-0.0,0.09927738916792685,0.0810890645189825
clean,0.195,0.24,25,0.3228179421458181,0.336470530828331,0.0672941061656662,0.2,21.529461033378006,21.20664309123219,HistGB,-0.0,0.08,0.13189644808470574
clean,0.195,0.32,25,1.5010175580934604,0.41120907905658405,0.08224181581131682,0.0,24.968320225727652,23.467302667634193,HistGB,-0.0,0.0,0.16119395899018096
clean,0.195,0.4,25,2.8263392186992995,0.44034353139303734,0.08806870627860747,0.0,28.991614175923797,26.165274957224497,HistGB,-0.0,0.0,0.17261466430607064
clean,0.195,0.5,25,4.706924210235701,0.4750289955574938,0.09500579911149876,0.0,34.987478931077334,30.280554720841632,HistGB,-0.0,0.0,0.18621136625853757
clean,0.2,0.0,25,0.0,0.0,0.0,1.0,12.725669489056184,12.725669489056184,HistGB,-0.0,0.0,0.0
clean,0.2,0.025,25,0.0,0.0,0.0,1.0,14.809379006710863,14.809379006710863,HistGB,-0.0,0.0,0.0
clean,0.2,0.1,25,0.0,0.0,0.0,1.0,17.118684888466667,17.118684888466667,HistGB,-0.0,0.0,0.0
clean,0.2,0.15,25,0.009129237901180715,0.026707056325500366,0.005341411265100073,0.88,18.445785910216713,18.436656672315536,HistGB,-0.0,0.06499230723708768,0.010469166079596142
clean,0.2,0.19,25,0.031244984910813685,0.12007741452827445,0.02401548290565489,0.84,19.768757151944115,19.7375121670333,HistGB,-0.0,0.07332121111929345,0.047070346495083584
clean,0.2,0.2,25,0.05158617267396423,0.1570088339223781,0.03140176678447562,0.72,20.090533377652843,20.03894720497888,HistGB,-0.0,0.0897997772825746,0.061547462897572215
clean,0.2,0.21,25,0.10194341754043662,0.2068598584667921,0.04137197169335842,0.56,20.43251827958851,20.330574862048078,HistGB,-0.0,0.09927738916792685,0.0810890645189825
clean,0.2,0.24,25,0.3228179421458181,0.336470530828331,0.0672941061656662,0.2,21.529461033378006,21.20664309123219,HistGB,-0.0,0.08,0.13189644808470574
clean,0.2,0.32,25,1.5010175580934604,0.41120907905658405,0.08224181581131682,0.0,24.968320225727652,23.467302667634193,HistGB,-0.0,0.0,0.16119395899018096
clean,0.2,0.4,25,2.8263392186992995,0.44034353139303734,0.08806870627860747,0.0,28.991614175923797,26.165274957224497,HistGB,-0.0,0.0,0.17261466430607064
clean,0.2,0.5,25,4.706924210235701,0.4750289955574938,0.09500579911149876,0.0,34.987478931077334,30.280554720841632,HistGB,-0.0,0.0,0.18621136625853757
clean,0.205,0.0,25,0.0,0.0,0.0,1.0,12.725669489056184,12.725669489056184,HistGB,-0.0,0.0,0.0
clean,0.205,0.025,25,0.0,0.0,0.0,1.0,14.809379006710863,14.809379006710863,HistGB,-0.0,0.0,0.0
clean,0.205,0.1,25,0.0,0.0,0.0,1.0,17.118684888466667,17.118684888466667,HistGB,-0.0,0.0,0.0
clean,0.205,0.15,25,0.009129237901180715,0.026707056325500366,0.005341411265100073,0.88,18.445785910216713,18.436656672315536,HistGB,-0.0,0.06499230723708768,0.010469166079596142
clean,0.205,0.19,25,0.031244984910813685,0.12007741452827445,0.02401548290565489,0.84,19.768757151944115,19.7375121670333,HistGB,-0.0,0.07332121111929345,0.047070346495083584
clean,0.205,0.2,25,0.05158617267396423,0.1570088339223781,0.03140176678447562,0.72,20.090533377652843,20.03894720497888,HistGB,-0.0,0.0897997772825746,0.061547462897572215
clean,0.205,0.21,25,0.10194341754043662,0.2068598584667921,0.04137197169335842,0.56,20.43251827958851,20.330574862048078,HistGB,-0.0,0.09927738916792685,0.0810890645189825
clean,0.205,0.24,25,0.3228179421458181,0.336470530828331,0.0672941061656662,0.2,21.529461033378006,21.20664309123219,HistGB,-0.0,0.08,0.13189644808470574
clean,0.205,0.32,25,1.5010175580934604,0.41120907905658405,0.08224181581131682,0.0,24.968320225727652,23.467302667634193,HistGB,-0.0,0.0,0.16119395899018096
clean,0.205,0.4,25,2.8263392186992995,0.44034353139303734,0.08806870627860747,0.0,28.991614175923797,26.165274957224497,HistGB,-0.0,0.0,0.17261466430607064
clean,0.205,0.5,25,4.706924210235701,0.4750289955574938,0.09500579911149876,0.0,34.987478931077334,30.280554720841632,HistGB,-0.0,0.0,0.18621136625853757
clean,0.21,0.0,25,0.0,0.0,0.0,1.0,12.725669489056184,12.725669489056184,HistGB,-0.0,0.0,0.0
clean,0.21,0.025,25,0.0,0.0,0.0,1.0,14.809379006710863,14.809379006710863,HistGB,-0.0,0.0,0.0
clean,0.21,0.1,25,0.0,0.0,0.0,1.0,17.118684888466667,17.118684888466667,HistGB,-0.0,0.0,0.0
clean,0.21,0.15,25,0.009129237901180715,0.026707056325500366,0.005341411265100073,0.88,18.445785910216713,18.436656672315536,HistGB,-0.0,0.06499230723708768,0.010469166079596142
clean,0.21,0.19,25,0.031244984910813685,0.12007741452827445,0.02401548290565489,0.84,19.768757151944115,19.7375121670333,HistGB,-0.0,0.07332121111929345,0.047070346495083584
clean,0.21,0.2,25,0.05158617267396423,0.1570088339223781,0.03140176678447562,0.72,20.090533377652843,20.03894720497888,HistGB,-0.0,0.0897997772825746,0.061547462897572215
clean,0.21,0.21,25,0.10194341754043662,0.2068598584667921,0.04137197169335842,0.56,20.43251827958851,20.330574862048078,HistGB,-0.0,0.09927738916792685,0.0810890645189825
clean,0.21,0.24,25,0.3228179421458181,0.336470530828331,0.0672941061656662,0.2,21.529461033378006,21.20664309123219,HistGB,-0.0,0.08,0.13189644808470574
clean,0.21,0.32,25,1.5010175580934604,0.41120907905658405,0.08224181581131682,0.0,24.968320225727652,23.467302667634193,HistGB,-0.0,0.0,0.16119395899018096
clean,0.21,0.4,25,2.8263392186992995,0.44034353139303734,0.08806870627860747,0.0,28.991614175923797,26.165274957224497,HistGB,-0.0,0.0,0.17261466430607064
clean,0.21,0.5,25,4.706924210235701,0.4750289955574938,0.09500579911149876,0.0,34.987478931077334,30.280554720841632,HistGB,-0.0,0.0,0.18621136625853757
clean,0.22,0.0,25,0.0,0.0,0.0,1.0,12.725669489056184,12.725669489056184,HistGB,-0.0,0.0,0.0
clean,0.22,0.025,25,0.0,0.0,0.0,1.0,14.809379006710863,14.809379006710863,HistGB,-0.0,0.0,0.0
clean,0.22,0.1,25,0.0,0.0,0.0,1.0,17.118684888466667,17.118684888466667,HistGB,-0.0,0.0,0.0
clean,0.22,0.15,25,0.009129237901180715,0.026707056325500366,0.005341411265100073,0.88,18.445785910216713,18.436656672315536,HistGB,-0.0,0.06499230723708768,0.010469166079596142
clean,0.22,0.19,25,0.031244984910813685,0.12007741452827445,0.02401548290565489,0.84,19.768757151944115,19.7375121670333,HistGB,-0.0,0.07332121111929345,0.047070346495083584
clean,0.22,0.2,25,0.05158617267396423,0.1570088339223781,0.03140176678447562,0.72,20.090533377652843,20.03894720497888,HistGB,-0.0,0.0897997772825746,0.061547462897572215
clean,0.22,0.21,25,0.10194341754043662,0.2068598584667921,0.04137197169335842,0.56,20.43251827958851,20.330574862048078,HistGB,-0.0,0.09927738916792685,0.0810890645189825
clean,0.22,0.24,25,0.3228179421458181,0.336470530828331,0.0672941061656662,0.2,21.529461033378006,21.20664309123219,HistGB,-0.0,0.08,0.13189644808470574
clean,0.22,0.32,25,1.5010175580934604,0.41120907905658405,0.08224181581131682,0.0,24.968320225727652,23.467302667634193,HistGB,-0.0,0.0,0.16119395899018096
clean,0.22,0.4,25,2.8263392186992995,0.44034353139303734,0.08806870627860747,0.0,28.991614175923797,26.165274957224497,HistGB,-0.0,0.0,0.17261466430607064
clean,0.22,0.5,25,4.706924210235701,0.4750289955574938,0.09500579911149876,0.0,34.987478931077334,30.280554720841632,HistGB,-0.0,0.0,0.18621136625853757
clean,0.24,0.0,25,0.0,0.0,0.0,1.0,12.725669489056184,12.725669489056184,HistGB,-0.0,0.0,0.0
clean,0.24,0.025,25,0.0,0.0,0.0,1.0,14.809379006710863,14.809379006710863,HistGB,-0.0,0.0,0.0
clean,0.24,0.1,25,0.0,0.0,0.0,1.0,17.118684888466667,17.118684888466667,HistGB,-0.0,0.0,0.0
clean,0.24,0.15,25,0.009129237901180715,0.026707056325500366,0.005341411265100073,0.88,18.445785910216713,18.436656672315536,HistGB,-0.0,0.06499230723708768,0.010469166079596142
clean,0.24,0.19,25,0.031244984910813685,0.12007741452827445,0.02401548290565489,0.84,19.768757151944115,19.7375121670333,HistGB,-0.0,0.07332121111929345,0.047070346495083584
clean,0.24,0.2,25,0.05158617267396423,0.1570088339223781,0.03140176678447562,0.72,20.090533377652843,20.03894720497888,HistGB,-0.0,0.0897997772825746,0.061547462897572215
clean,0.24,0.21,25,0.10194341754043662,0.2068598584667921,0.04137197169335842,0.56,20.43251827958851,20.330574862048078,HistGB,-0.0,0.09927738916792685,0.0810890645189825
clean,0.24,0.24,25,0.3228179421458181,0.336470530828331,0.0672941061656662,0.2,21.529461033378006,21.20664309123219,HistGB,-0.0,0.08,0.13189644808470574
clean,0.24,0.32,25,1.5010175580934604,0.41120907905658405,0.08224181581131682,0.0,24.968320225727652,23.467302667634193,HistGB,-0.0,0.0,0.16119395899018096
clean,0.24,0.4,25,2.8263392186992995,0.44034353139303734,0.08806870627860747,0.0,28.991614175923797,26.165274957224497,HistGB,-0.0,0.0,0.17261466430607064
clean,0.24,0.5,25,4.706924210235701,0.4750289955574938,0.09500579911149876,0.0,34.987478931077334,30.280554720841632,HistGB,-0.0,0.0,0.18621136625853757
clean,0.27,0.0,25,0.0,0.0,0.0,1.0,12.725669489056184,12.725669489056184,HistGB,-0.0,0.0,0.0
clean,0.27,0.025,25,0.0,0.0,0.0,1.0,14.809379006710863,14.809379006710863,HistGB,-0.0,0.0,0.0
clean,0.27,0.1,25,0.0,0.0,0.0,1.0,17.118684888466667,17.118684888466667,HistGB,-0.0,0.0,0.0
clean,0.27,0.15,25,0.009129237901180715,0.026707056325500366,0.005341411265100073,0.88,18.445785910216713,18.436656672315536,HistGB,-0.0,0.06499230723708768,0.010469166079596142
clean,0.27,0.19,25,0.031244984910813685,0.12007741452827445,0.02401548290565489,0.84,19.768757151944115,19.7375121670333,HistGB,-0.0,0.07332121111929345,0.047070346495083584
clean,0.27,0.2,25,0.05158617267396423,0.1570088339223781,0.03140176678447562,0.72,20.090533377652843,20.03894720497888,HistGB,-0.0,0.0897997772825746,0.061547462897572215
clean,0.27,0.21,25,0.10194341754043662,0.2068598584667921,0.04137197169335842,0.56,20.43251827958851,20.330574862048078,HistGB,-0.0,0.09927738916792685,0.0810890645189825
clean,0.27,0.24,25,0.3228179421458181,0.336470530828331,0.0672941061656662,0.2,21.529461033378006,21.20664309123219,HistGB,-0.0,0.08,0.13189644808470574
clean,0.27,0.32,25,1.5010175580934604,0.41120907905658405,0.08224181581131682,0.0,24.968320225727652,23.467302667634193,HistGB,-0.0,0.0,0.16119395899018096
clean,0.27,0.4,25,2.8263392186992995,0.44034353139303734,0.08806870627860747,0.0,28.991614175923797,26.165274957224497,HistGB,-0.0,0.0,0.17261466430607064
clean,0.27,0.5,25,4.706924210235701,0.4750289955574938,0.09500579911149876,0.0,34.987478931077334,30.280554720841632,HistGB,-0.0,0.0,0.18621136625853757
clean,0.32,0.0,25,0.0,0.0,0.0,1.0,12.725669489056184,12.725669489056184,HistGB,-0.0,0.0,0.0
clean,0.32,0.025,25,0.0,0.0,0.0,1.0,14.809379006710863,14.809379006710863,HistGB,-0.0,0.0,0.0
clean,0.32,0.1,25,0.0,0.0,0.0,1.0,17.118684888466667,17.118684888466667,HistGB,-0.0,0.0,0.0
clean,0.32,0.15,25,0.009129237901180715,0.026707056325500366,0.005341411265100073,0.88,18.445785910216713,18.436656672315536,HistGB,-0.0,0.06499230723708768,0.010469166079596142
clean,0.32,0.19,25,0.031244984910813685,0.12007741452827445,0.02401548290565489,0.84,19.768757151944115,19.7375121670333,HistGB,-0.0,0.07332121111929345,0.047070346495083584
clean,0.32,0.2,25,0.05158617267396423,0.1570088339223781,0.03140176678447562,0.72,20.090533377652843,20.03894720497888,HistGB,-0.0,0.0897997772825746,0.061547462897572215
clean,0.32,0.21,25,0.10194341754043662,0.2068598584667921,0.04137197169335842,0.56,20.43251827958851,20.330574862048078,HistGB,-0.0,0.09927738916792685,0.0810890645189825
clean,0.32,0.24,25,0.3228179421458181,0.336470530828331,0.0672941061656662,0.2,21.529461033378006,21.20664309123219,HistGB,-0.0,0.08,0.13189644808470574
clean,0.32,0.32,25,1.5010175580934604,0.41120907905658405,0.08224181581131682,0.0,24.968320225727652,23.467302667634193,HistGB,-0.0,0.0,0.16119395899018096
clean,0.32,0.4,25,2.8263392186992995,0.44034353139303734,0.08806870627860747,0.0,28.991614175923797,26.165274957224497,HistGB,-0.0,0.0,0.17261466430607064
clean,0.32,0.5,25,4.706924210235701,0.4750289955574938,0.09500579911149876,0.0,34.987478931077334,30.280554720841632,HistGB,-0.0,0.0,0.18621136625853757
clean,0.4,0.0,25,0.0,0.0,0.0,1.0,12.725669489056184,12.725669489056184,HistGB,-0.0,0.0,0.0
clean,0.4,0.025,25,0.0,0.0,0.0,1.0,14.809379006710863,14.809379006710863,HistGB,-0.0,0.0,0.0
clean,0.4,0.1,25,0.0,0.0,0.0,1.0,17.118684888466667,17.118684888466667,HistGB,-0.0,0.0,0.0
clean,0.4,0.15,25,0.009129237901180715,0.026707056325500366,0.005341411265100073,0.88,18.445785910216713,18.436656672315536,HistGB,-0.0,0.06499230723708768,0.010469166079596142
clean,0.4,0.19,25,0.031244984910813685,0.12007741452827445,0.02401548290565489,0.84,19.768757151944115,19.7375121670333,HistGB,-0.0,0.07332121111929345,0.047070346495083584
clean,0.4,0.2,25,0.05158617267396423,0.1570088339223781,0.03140176678447562,0.72,20.090533377652843,20.03894720497888,HistGB,-0.0,0.0897997772825746,0.061547462897572215
clean,0.4,0.21,25,0.10194341754043662,0.2068598584667921,0.04137197169335842,0.56,20.43251827958851,20.330574862048078,HistGB,-0.0,0.09927738916792685,0.0810890645189825
clean,0.4,0.24,25,0.3228179421458181,0.336470530828331,0.0672941061656662,0.2,21.529461033378006,21.20664309123219,HistGB,-0.0,0.08,0.13189644808470574
clean,0.4,0.32,25,1.5010175580934604,0.41120907905658405,0.08224181581131682,0.0,24.968320225727652,23.467302667634193,HistGB,-0.0,0.0,0.16119395899018096
clean,0.4,0.4,25,2.8263392186992995,0.44034353139303734,0.08806870627860747,0.0,28.991614175923797,26.165274957224497,HistGB,-0.0,0.0,0.17261466430607064
clean,0.4,0.5,25,4.706924210235701,0.4750289955574938,0.09500579911149876,0.0,34.987478931077334,30.280554720841632,HistGB,-0.0,0.0,0.18621136625853757
clean,0.5,0.0,25,0.0,0.0,0.0,1.0,12.725669489056184,12.725669489056184,HistGB,-0.0,0.0,0.0
clean,0.5,0.025,25,0.0,0.0,0.0,1.0,14.809379006710863,14.809379006710863,HistGB,-0.0,0.0,0.0
clean,0.5,0.1,25,0.0,0.0,0.0,1.0,17.118684888466667,17.118684888466667,HistGB,-0.0,0.0,0.0
clean,0.5,0.15,25,0.009129237901180715,0.026707056325500366,0.005341411265100073,0.88,18.445785910216713,18.436656672315536,HistGB,-0.0,0.06499230723708768,0.010469166079596142
clean,0.5,0.19,25,0.031244984910813685,0.12007741452827445,0.02401548290565489,0.84,19.768757151944115,19.7375121670333,HistGB,-0.0,0.07332121111929345,0.047070346495083584
clean,0.5,0.2,25,0.05158617267396423,0.1570088339223781,0.03140176678447562,0.72,20.090533377652843,20.03894720497888,HistGB,-0.0,0.0897997772825746,0.061547462897572215
clean,0.5,0.21,25,0.10194341754043662,0.2068598584667921,0.04137197169335842,0.56,20.43251827958851,20.330574862048078,HistGB,-0.0,0.09927738916792685,0.0810890645189825
clean,0.5,0.24,25,0.3228179421458181,0.336470530828331,0.0672941061656662,0.2,21.529461033378006,21.20664309123219,HistGB,-0.0,0.08,0.13189644808470574
clean,0.5,0.32,25,1.5010175580934604,0.41120907905658405,0.08224181581131682,0.0,24.968320225727652,23.467302667634193,HistGB,-0.0,0.0,0.16119395899018096
clean,0.5,0.4,25,2.8263392186992995,0.44034353139303734,0.08806870627860747,0.0,28.991614175923797,26.165274957224497,HistGB,-0.0,0.0,0.17261466430607064
clean,0.5,0.5,25,4.706924210235701,0.4750289955574938,0.09500579911149876,0.0,34.987478931077334,30.280554720841632,HistGB,-0.0,0.0,0.18621136625853757
